id,created,name,price,location,url,description,jpg
7217406643,2020-10-20 12:16,small planter pots,$20, (glen park),https://sfbay.craigslist.org/sfc/grd/d/san-francisco-small-planter-pots/7217406643.html,"Hello! Recently re-homed my plants, and I am selling 4 small planter pots! 
$20 for all 4, or OBO for individual pots. ",https://images.craigslist.org/00a0a_gysWQadbMVU_0lM0t2_600x450.jpg
7217392393,2020-10-20 11:56,Midcentury Modern Teak Planter Stands,$100, (hayward / castro valley),https://sfbay.craigslist.org/eby/fuo/d/hayward-midcentury-modern-teak-planter/7217392393.html,"First 2 pics demonstrate the uses.For sale in Castro Valley, DIY teak mid century modern plant stands that I up cycled from a damaged vintage Danish coffee table that couldn‚Äôt be rescued.  I added legs to some and the others I used as large coasters to protect my furniture from my plants.  I‚Äôm hoping to sell the whole lot rather than individually.  1 Teak plant stand with legs $30
9 inch diameter 
4.25 inch tall2 teak large coasters $40
9 inch diameter 
1 inch thick 1 smaller teak coaster $15
7 inch diameter 
.75 inch thick Mid-century modern furniture legs $15
6.75 inch tall
1.75 inch diameter $100 for all
",https://images.craigslist.org/00B0B_OGgwtT3en0_0CI0t2_600x450.jpg
7217391306,2020-10-20 11:55,Planter Garden Raised Bed,$50, (hayward / castro valley),https://sfbay.craigslist.org/eby/grd/d/hayward-planter-garden-raised-bed/7217391306.html,"For sale in Castro Valley, a vegetable garden box planter with organic soil.  No longer need, bring help. 16.5 inch tall 
15.75 inch deep 
6 feet wide
",https://images.craigslist.org/00e0e_bQH8RzVaUkR_0CI0t2_600x450.jpg
7217388361,2020-10-20 11:51,moving sale! outdoor planter stand,$30, (castro / upper market),https://sfbay.craigslist.org/sfc/grd/d/san-francisco-moving-sale-outdoor/7217388361.html,"outdoor planter stand/ divider - all plants are also for sale- spider plants are $30/ each
- succulents are $20/ eachpickup only    ",https://images.craigslist.org/00U0U_jB8V5EnBvXT_0lM0t2_600x450.jpg
7212075418,2020-10-20 11:39,redwood planter boxes,$75, (santa rosa),https://sfbay.craigslist.org/nby/for/d/santa-rosa-redwood-planter-boxes/7212075418.html,"will I have 10 redwood planter boxes that are 100% redwood , I have some without bottoms for 75 and some with bottoms for 100 , 5'L x 24""w x 18""h , and I can make any custom sizes , you can text me or call  show contact info
       jim , plus I can deliver    ",https://images.craigslist.org/00z0z_aWBEQOqQX4J_600x450.jpg
7214933393,2020-10-20 11:39,redwood planter boxes,$75, (santa rosa),https://sfbay.craigslist.org/nby/grd/d/santa-rosa-redwood-planter-boxes/7214933393.html,"well i have 10 very nice 100 % REDWOOD  planter boxes for sale ,they are{ 5'L x 24""w x 18"" h}    ,75 each and I have the same boxes with bottoms for 100 each , ready to go and yes I can deliver ,you can text or call  show contact info
 jim    ",https://images.craigslist.org/00q0q_k1GyOckmUZE_600x450.jpg
7217362064,2020-10-20 11:16,2 Speckled 6‚Äù Glazed Ceramic Planter Pots with Drainage,$30, (Berkeley),https://sfbay.craigslist.org/eby/for/d/berkeley-2-speckled-6-glazed-ceramic/7217362064.html,Two very nice speckled glazed ceramic pots with drainage. $15 each or $30 for both    ,https://images.craigslist.org/00t0t_3gr5KHUrVlY_0CI0CI_600x450.jpg
7216184149,2020-10-20 11:02,Navy blue eye patterned planter,$5, (oakland west),https://sfbay.craigslist.org/eby/grd/d/oakland-navy-blue-eye-patterned-planter/7216184149.html,Navy blue eye patterned planterComes w/white saucer. Pot has drainage hole    ,https://images.craigslist.org/00L0L_41AIJVAFugI_0aT0aT_600x450.jpg
7217297854,2020-10-20 10:54,L-shaped planter boxes n more,$0, (san leandro),https://sfbay.craigslist.org/eby/grd/d/shaped-planter-boxes-more/7217297854.html,"Hi, I build  L-shaped, rectangular and square planter boxes to most sizes, the planter boxes are custom and made to order, they are  made out of redwood,  Price is not listed since overall size  varies based on product dimensions 
If you are interested please email me with contact info, Phone number is require to call or text back. Due to many scams 
Inquiries without any contact information will be ignored.
Thank you
",https://images.craigslist.org/00P0P_fovfRC6QKpr_600x450.jpg
7209577010,2020-10-20 10:25,large burlap cube for toys / towels / cover a planter....,$9, (nob hill),https://sfbay.craigslist.org/sfc/for/d/san-francisco-large-burlap-cube-for/7209577010.html,"the 2 is only on one side. 
embrace the 2 or turn it and voila....it's gone. 
12 x 12 x 10
from a pet free smoke free home.**************************************************
PLEASE CHECK OUT THE ""more ads by this user"" link
**************************************************    ",https://images.craigslist.org/01111_cLpSJk7aaHr_07K0ak_600x450.jpg
7217323021,2020-10-20 10:23,Large plant + Modern Planter,$175, (lower haight),https://sfbay.craigslist.org/sfc/grd/d/san-francisco-large-plant-modern-planter/7217323021.html,Large alocasia plant + modern 3-wood leg taper pot. Selling for $175.  (Original price: $230)Plant had 3 leaves originally but is now happy with 7 leaves. Looking for a happy new home for it.    ,https://images.craigslist.org/00O0O_aL4sqtuNooT_0bC0ft_600x450.jpg
7217296656,2020-10-20 10:04,Any size planter boxes,$0, (san leandro),https://sfbay.craigslist.org/eby/grd/d/any-size-planter-boxes/7217296656.html,"Hi I build  planter boxes to most sizes out of redwood, the planter boxes are  made with bottom  or open bottoms all depends what you  need.  everything is made to order  If you are looking for specific dimensions, please feel free to  contact me with the size you need and I‚Äôll  provide you the estimate, price is not listed since overall size varies.
If you are interested please email me with contact information. Phone number is require to call or text back.
Inquires without any information will be ignored 
Thank you
",https://images.craigslist.org/00v0v_8aICVENgLUo_600x450.jpg
7215788730,2020-10-20 09:53,Large Fiddle Leaf Fig Tree Plant with Black Planter,$150, (sunset / parkside),https://sfbay.craigslist.org/sfc/grd/d/san-francisco-large-fiddle-leaf-fig/7215788730.html,Beautiful large and healthy fiddle leaf fig plant/tree. It is just under 7 feet tall. Fits well in my small apartment    ,https://images.craigslist.org/00505_jnF7J1OVVyA_0oo0ww_600x450.jpg
7215791355,2020-10-20 09:53,Beautiful Fiddle Leaf Fig Plant with planter,$120, (sunset / parkside),https://sfbay.craigslist.org/sfc/grd/d/san-francisco-beautiful-fiddle-leaf-fig/7215791355.html,"Beautiful and healthy medium size fiddle leaf fig plant. With the planter, it is 3.5' tall.    ",https://images.craigslist.org/00e0e_kLIF0mWa3uB_0oo0ww_600x450.jpg
7215794394,2020-10-20 09:53,Beautiful and Healthy Monstera Plant with Planter,$100, (sunset / parkside),https://sfbay.craigslist.org/sfc/grd/d/san-francisco-beautiful-and-healthy/7215794394.html,Beautiful and Healthy Monstera Plant with Planter. $100 OBOIt has been growing very fast/well and could use some trimming to get it looking perfect!    ,https://images.craigslist.org/00G0G_5MkHheG4GA2_0oo0ww_600x450.jpg
7215796577,2020-10-20 09:53,Beautiful Healthy Hanging Plant with Planter,$100, (sunset / parkside),https://sfbay.craigslist.org/sfc/grd/d/san-francisco-beautiful-healthy-hanging/7215796577.html,I have been growing this plant for over two years and it is gorgeous. It is vibrant and healthy and hangs about 4'. Looks awesome on a shelf or table.    ,https://images.craigslist.org/00B0B_cR0vPpDnua_0ww0oo_600x450.jpg
7204547173,2020-10-20 09:49,AVAILABLE 2 planter/flower pots-Various prices starting at $4,$4, (san anselmo),https://sfbay.craigslist.org/nby/grd/d/san-anselmo-available-2-planter-flower/7204547173.html,"If you're reading this then 2 flower pots are now available. I update the ad as pots are sold. The number of pots in the heading will indicate the number I have left. Terra cotta pots (2) 9 3/4"" wide by 8"" high. The $4 one is very dirty--$6/$4
",https://images.craigslist.org/00T0T_PNbVJ5BgpW_0CI0t2_600x450.jpg
7208481183,2020-10-20 09:47,"2 planter pots and one bench, prices starting at $4",$4, (san anselmo),https://sfbay.craigslist.org/nby/grd/d/san-anselmo-2-planter-pots-and-one/7208481183.html,"AVAILABLE. The white, chabby chic bench isn't for outdoors unless it is in a sheltered place. Sturdy, shabby chic bench. 32"" wide, 12"" deep, 18"" high. Has a shelf to store shoes. $40If you're reading this then 2 flower pots are now available. I update the ad as pots are sold. The number of pots in the heading will indicate the number I have left. Terra cotta pots (2) 9 3/4"" wide by 8"" high. The $4 one is very dirty--$6/$4",https://images.craigslist.org/00Z0Z_kc07zkmQwE6_0CI0t2_600x450.jpg
7201235754,2020-10-20 09:29,"Planter Pots, air plants, orchids, and supplies",$3, (bernal heights),https://sfbay.craigslist.org/sfc/grd/d/san-francisco-planter-pots-air-plants/7201235754.html,"Inquire about pricing for specific pots.I have many very small pots which are from $5-$30.Rectangle ones (great for windowsill) glass-  $15Air plants- I have one small one leftMedium beige/brown glass- $20Airplant wall art mount-$75
",https://images.craigslist.org/00505_5yxezfpQNAV_0i30hU_600x450.jpg
7216081180,2020-10-20 09:25,small planter pots,$20, (glen park),https://sfbay.craigslist.org/sfc/grd/d/san-francisco-small-planter-pots/7216081180.html,"Hello! Recently re-homed my plants, and I am selling 4 small planter pots! 
$20 for all 4, or OBO for individual pots. ",https://images.craigslist.org/00a0a_gysWQadbMVU_0lM0t2_600x450.jpg
7215718914,2020-10-20 09:15,Cement Bird Bath Planter w/Drainage Holes Drilled,$25, (willow glen / cambrian),https://sfbay.craigslist.org/sby/grd/d/san-jose-cement-bird-bath-planter/7215718914.html,"Started but not finished Bird Bath planter, has drainage holes and some nice succulents already populated.
$25;  show contact info
",https://images.craigslist.org/00505_4xIW9cR6OnZ_0t20CI_600x450.jpg
7217267988,2020-10-20 09:11,Half wine barrel planters 3/4 and full barrels,$25, (santa rosa),https://sfbay.craigslist.org/nby/grd/d/santa-rosa-half-wine-barrel-planters-3/7217267988.html,"we have wine barrel planters and full wine barrels on sale right now, cut and ready to go for your planting needs. Always stored inside, clean and tight.1/4 wine barrel planter $20.00 approx 27"" W x 8""H
1/2 wine barrel planter $25.00 approx. 27""W x 18"" H
3/4 wine barrel planters $40.00  approx. 27""W x 28"" H
Full wine barrel $50.00  approx. 27""W x 36"" H
metal Barrel racks that will hold 2 full barrels. $32.00 perWe can load for you.cash only 707-57nine- 5540
",https://images.craigslist.org/00R0R_6QMTPXVHmSh_600x450.jpg
7201950164,2020-10-20 09:04,Ceramic Planter Pots for Sale,$0, (san jose north),https://sfbay.craigslist.org/sby/for/d/san-jose-ceramic-planter-pots-for-sale/7201950164.html,"Ceramic Planter Pots for Sale - $3.00 to $15.00 EachCell Phone Number: Six Six Nine - Two Three Eight - Nine Seven Six Sixplant, plants, planting, planted, planter, planters, flower, flowers, flowering, flowered, soil, soils, soiling, soiled, pot, pots, potting, potted, potter, potters, garden, gardens, gardening, gardener, gardeners, indoor, in door, doors, indoors, outdoor, out door, outdoors, inside, insides, outside, outsides, stem, stems, stemming, stemmed, leaf, leaves, water, waters, watering, watered, hose, hoses, display, displays, displaying, displayed, ceramic, ceramics    ",https://images.craigslist.org/01414_icTmW8NmLiK_600x450.jpg
7215774567,2020-10-20 08:59,Barnwood Planter Columns,$175, (aptos),https://sfbay.craigslist.org/scz/grd/d/aptos-barnwood-planter-columns/7215774567.html,"Was going to use on back yard , then decided on different more mondern set up, text 83one 7one3 o491,  fcfs    ",https://images.craigslist.org/00303_8EGl5Vjjcnh_0CI0lM_600x450.jpg
7204794229,2020-10-20 08:47,Vintage oblong-shaped ceramic wall planter pot,$35, (oakland rockridge / claremont),https://sfbay.craigslist.org/eby/grd/d/oakland-vintage-oblong-shaped-ceramic/7204794229.html,"Vintage oblong-shaped ceramic wall planter pot. Has two holes for nails for the pot to be mounted on a wall. Would be beautiful with a hanging vine plant in it!See photos for dimensions.I have 10 other listings for various sized ceramic pots, please take a look!    ",https://images.craigslist.org/01010_3OsQBgERK8H_0CI0t2_600x450.jpg
7212598491,2020-10-20 08:26,bauer swirl white planter pot 6‚Äù,$30, (fremont / union city / newark),https://sfbay.craigslist.org/eby/for/d/fremont-bauer-swirl-white-planter-pot-6/7212598491.html,"Selling a vintage Bauer swirl white pot. Measures approx 6‚Äù across and 5‚Äù tall. Overall good condition, but it has a chip across the top edge (see photo). The inside is also in used/‚Äúplanted‚Äù condition. Bottom reads ‚ÄúBauer‚Äù and ‚ÄúLos Angeles‚Äù in very faint imprint. $30. Pick up in Fremont.    ",https://images.craigslist.org/00r0r_fm1rfX4UEWd_0CI0t2_600x450.jpg
7213260042,2020-10-20 07:03,Planter / Pot / Garden / Patio,$15, (napa county),https://sfbay.craigslist.org/nby/grd/d/vallejo-planter-pot-garden-patio/7213260042.html,"Planter @ $20
Iron planter w/ chicken wire
Approx. Dimensions: 16"" H x 17"" W (top)Cash / Paypal only    ",https://images.craigslist.org/00u0u_7vMF1P6qpFq_0sY0t2_600x450.jpg
7217171400,2020-10-20 06:45,redwood planter boxes,$75, (santa rosa),https://sfbay.craigslist.org/nby/for/d/santa-rosa-redwood-planter-boxes/7217171400.html,"will I have 10 redwood planter boxes that are 100% redwood , I have some without bottoms for 75 and some with bottoms for 100 , 5'L x 24""w x 18""h , and I can make any custom sizes , you can text me or call  show contact info
       jim , plus I can deliver    ",https://images.craigslist.org/00P0P_aQgXBxOrI60_600x450.jpg
7216017140,2020-10-20 05:46,PLANTER POTS- SELF WATERING,$20, (sonoma),https://sfbay.craigslist.org/nby/for/d/vineburg-planter-pots-self-watering/7216017140.html,"SELF WATERING PLANTER POT14‚Äù high x 15 1/2‚Äù wide
on wheels for easy moving around
Made of plastic, so not heavyThere are 2 available, one black and one white
Price: $20. each one    ",https://images.craigslist.org/01616_dVdM2YDQQkb_0CI0t2_600x450.jpg
7215867644,2020-10-20 02:06,Unique Planter with Spider Plant & Base,$25, (milpitas),https://sfbay.craigslist.org/sby/grd/d/milpitas-unique-planter-with-spider/7215867644.html,Unique planter with spider plant. Comes with the base to keep the plant on.  Planter height is 6 inches. Overall height is 13 inches.    ,https://images.craigslist.org/00O0O_g38XdVkuZ21_0oY0mv_600x450.jpg
7217107852,2020-10-20 02:06,Spider plant in ceramic planter,$25, (milpitas),https://sfbay.craigslist.org/sby/grd/d/milpitas-spider-plant-in-ceramic-planter/7217107852.html,"Beautiful spider plant in a ceramic planter, that will look very nice if you hang it from the ceiling. Overall height of the planter and plant is close to 16 inches.    ",https://images.craigslist.org/00z0z_gfPAvMCu9UH_0h20mQ_600x450.jpg
7215992556,2020-10-20 00:10,Pothos/Money Plant in beautiful glass planter for sale!,$15, (Santa Clara),https://sfbay.craigslist.org/sby/grd/d/santa-clara-pothos-money-plant-in/7215992556.html,"Healthy and thriving Pothos for sale!!! Propagated and grown at home organically and fed homemade compost. Comes in an intricate, clear glass planter.    ",https://images.craigslist.org/00g0g_hUTqugXwBWe_0CI0CI_600x450.jpg
7217080763,2020-10-19 23:31,"Cedar Planter box, Custom built, Brand new",$140, (morgan hill),https://sfbay.craigslist.org/sby/grd/d/morgan-hill-cedar-planter-box-custom/7217080763.html,"Custom Built Cedar Planter.  Built to order.  Text/email/call for quote.  Lined.  Pressure treated base. Optional c/asters included.  Pictured sizes here apx. 17"" depth, 33"" length x 17"" width.  Price at this size is $140 per 1 unit.show contact info
",https://images.craigslist.org/00707_eqkfI8sp6z6_0CI0t2_600x450.jpg
7211785039,2020-10-19 22:22,Joey Roth self-watering terra cotta planter,$20, (San Francisco),https://sfbay.craigslist.org/sfc/grd/d/san-francisco-joey-roth-self-watering/7211785039.html,Broke the lid that covers the water hole at some point. Otherwise in good shape. You can take it with the pictures plants if you‚Äôre interested.    ,https://images.craigslist.org/00Y0Y_gy1LsNseNS2_0nF0CI_600x450.jpg
7213631936,2020-10-19 21:37,Decorative Porcelain Planter,$65, (richmond / point / annex),https://sfbay.craigslist.org/eby/hsh/d/san-pablo-decorative-porcelain-planter/7213631936.html,"Decorative Porcelain Planter
Dimensions in inches:  Diameter: 9.5, Height: 6.5Sale Price: $65.00 Cash
",https://images.craigslist.org/00303_jPdhXkhVKSw_600x450.jpg
7213632520,2020-10-19 21:37,Decorative Porcelain Planter,$95, (richmond / point / annex),https://sfbay.craigslist.org/eby/hsh/d/san-pablo-decorative-porcelain-planter/7213632520.html,"Decorative Porcelain Planter
Dimensions in inches :  Diameter: 10.5, Height: 8
Beautiful flower design porcelain planter.Sale Price: $95.00 Cash
",https://images.craigslist.org/00G0G_hTeYZYrmGAI_600x450.jpg
7211212123,2020-10-19 20:52,Fashion Boot Planter,$15, (cupertino),https://sfbay.craigslist.org/sby/grd/d/cupertino-fashion-boot-planter/7211212123.html,"dimensions: 9""L x 4"" W x 9.5"" H    ",https://images.craigslist.org/00404_g12zmR849wh_0iS0t2_600x450.jpg
7215917865,2020-10-19 18:56,Wrought Iron and Copper Planter Box with Stand (and succulents),$90, (fairfield / vacaville),https://sfbay.craigslist.org/eby/grd/d/vacaville-wrought-iron-and-copper/7215917865.html,"Nice 2-piece wrought iron and copper planter box with stand with succulents/plants included
Stand with planter box: 36.5""w x 10""d x 36.5""h
Planter box only: 36""w x 8.5""d x 9.5""h$90 cash only, call or text  show contact infoLocated in Vacaville    ",https://images.craigslist.org/00c0c_8iVPo64mFCj_0t20t2_600x450.jpg
7215918924,2020-10-19 18:57,Clay Planter Pot with Plant,$30, (fairfield / vacaville),https://sfbay.craigslist.org/eby/grd/d/vacaville-clay-planter-pot-with-plant/7215918924.html,"Clay planter/pot with plant included
Pot: 18""round x 12""tall (approx. 28""tall with plant)
$30 cash only, located in Vacaville
Call or Text  show contact info
",https://images.craigslist.org/00w0w_lFxP2jr96lJ_0t20t2_600x450.jpg
7215921517,2020-10-19 18:57,3-Piece Garden Pot and Planter Set,$35, (fairfield / vacaville),https://sfbay.craigslist.org/eby/grd/d/vacaville-3-piece-garden-pot-and/7215921517.html,"3-Piece garden ceramic pot and wood planter set with succulents
Ceramic pot: 16""round x 14.5""tall
2 Planter boxes: 24""w x 6.5""d x 6""tall$35 for the set, cash only
Call/Text  show contact infoLocated in Vacaville    ",https://images.craigslist.org/01515_cc9It7QFLIc_0t20t2_600x450.jpg
7210177456,2020-10-19 18:55,Mid Century White Large Planter Planters Plant Holders Pot Pots,$200, (san jose west),https://sfbay.craigslist.org/sby/grd/d/san-jose-mid-century-white-large/7210177456.html,3 available at $200.00/each. Mid Century White Planter Planters Plant Holders. Bottom says Architectural Ceramics. Measures: 17 1/2 h 17 1/4 diameter.    ,https://images.craigslist.org/00P0P_8czOw7o2WSX_0CI0s9_600x450.jpg
7204939545,2020-10-19 18:17,Unique Art Nouveau style ceramic planter with 2 dove figures,$0, (santa clara),https://sfbay.craigslist.org/sby/hsh/d/san-jose-unique-art-nouveau-style/7204939545.html,"Marked Trauly and numbered 35/60.  It also has a Taul Mark.  It is 18"" wide, 9.5"" deep, 8.5"" high and weighs about 6 lb.  Asking $350 (OBO)
Germany, French, Italian, plant stand, vase, pot, urn, porcelain, marble, brass, bronze, statue, sculpture
",https://images.craigslist.org/00U0U_jSs6WMgAe3K_600x450.jpg
7205983010,2020-10-19 18:10,"2 x 30"" Terra Cotta Plastic Window Box Planter",$15, (dublin / pleasanton / livermore),https://sfbay.craigslist.org/eby/hsh/d/dublin-2-30-terra-cotta-plastic-window/7205983010.html,"We have for sale 
2 x Terra 30 in 30"" Terra Cotta Plastic Window Box Planter $15 EACH ($30 for both)
Matching window box tray NOT included!Resin plastic is durable and frost proof
Optional drainage holes
Use outdoors or indoorsSturdy and lightweight resin planters offers an economical way to decorate the home interior and exterior. Constructed with high quality color pigments and UV additives these planters offer all-weather durability. Great to display your floral arrangements. Planter boxes offer a large planting area that is great for herb gardens or colorful window floral arrangements. I
deal for deck and patio accents or use indoors to decorate a shelf or windowsill. Resin planters are a great alternative to clay or ceramic pots. Matching window box tray sold NOT included!Total dims 5.24 x 7.32 x 29.8; 
Size 30 in. 
Color: Terra Cotta; 
Material: High quality plastic resin for all-weather durability and 100% UV stable to prevent fading and cracking. Traditional tapered box planters with coordinating, self-centering trays (sold separately) to collect excess water, eliminating mess. For use indoors or outdoors.Traditional tapered box planters with coordinating, self-centering trays (sold separately) to collect excess water, eliminating mess, textured finish looks like natural clayLocal Pickup and CASH ONLY!",https://images.craigslist.org/00f0f_eOgwWyBrXKt_600x450.jpg
7215885314,2020-10-19 17:49,Hobart Mixing Kettle- Halloween Prop or Planter,$45, (belmont),https://sfbay.craigslist.org/pen/clt/d/belmont-hobart-mixing-kettle-halloween/7215885314.html,"For Sale:
Old antique / collectible Hobart Mixing Kettle, 
Originally Used for making candy.Good for Planter or a Halloween Prop Witches kettle?Used Rusty Condition, approx 20 in wide x 20‚Äù to 24‚Äù tallI do Not respond to Emails so, call (650) 591-331threeIf interested in purchasing call  show contact info
 between 8am. and 7pm. Thanks!
",https://images.craigslist.org/00r0r_1Ckm2FLJ9vc_0CI0t2_600x450.jpg
7202563683,2020-10-19 17:30,"Clay flower planter, looks like chicken, seashell covered (OBO)",$75, (santa clara),https://sfbay.craigslist.org/sby/grd/d/san-jose-clay-flower-planter-looks-like/7202563683.html,"Unique clay flower planter/pot. It is about 10"" tall, 12"" long and 10"" wide. Weight ~10 lb. Pottery, clay, porcelain, vase, ceramic    ",https://images.craigslist.org/00O0O_hqXPhSWpLo9_600x450.jpg
7212329427,2020-10-19 17:26,Metal Bucket/Planter with Label Holder and Handles,$5, (santa clara),https://sfbay.craigslist.org/sby/hsh/d/santa-clara-metal-bucket-planter-with/7212329427.html,"Metal Bucket/Planter with Label Holder and Handles
Colors available: 1 blue, 2 green - $5 each.
Dimensions:
5 1/8"" dia  x  4 7/8"" H    ",https://images.craigslist.org/00b0b_ajfXWgPV0SZ_0CI0pO_600x450.jpg
7216985331,2020-10-19 16:52,Outdoor planter pot,$50, (petaluma),https://sfbay.craigslist.org/nby/art/d/petaluma-outdoor-planter-pot/7216985331.html,"Dimensions: 
16"" Outer diameter (top of pot)
15"" Tall/Deep    ",https://images.craigslist.org/00Y0Y_lMPyFQu5ZJu_0nf0jX_600x450.jpg
7216975520,2020-10-19 16:31,"Peg board, planter, free standing wall on casters, screens",$0, (berkeley),https://sfbay.craigslist.org/eby/zip/d/berkeley-peg-board-planter-free/7216975520.html,"GONE ‚Äî 2‚Äôx4‚Äô peg board with attachments GONE -- Plant and planter 2‚Äôw x 2‚Äôh x 2‚Äô deepGONE ‚Äî Wall is 8‚Äô wide by 78‚Äù tall, with a depth of 19‚Äù. Blank/white on one side, and peg board on the other. Some space in between for storage. On heavy duty casters that will need to be removed to fit through the door and can then be put back on.Platen attachments - for screen printing Screens for screen printing    ",https://images.craigslist.org/00S0S_dT3xGyQ0aMJ_0t20CI_600x450.jpg
7216966476,2020-10-19 16:13,Ceramic planter pot,$18, (alamo square / nopa),https://sfbay.craigslist.org/sfc/fuo/d/san-francisco-ceramic-planter-pot/7216966476.html,Approximately 6‚Äù x 6‚Äù handmade ceramic pot for a houseplant. Solid bottom - does not have a drainage hole. Handmade.    ,https://images.craigslist.org/00p0p_3fST29zRq70_0CI0t2_600x450.jpg
7210478023,2020-10-19 16:10,Long lasting planter boxes!,$450, (menlo park),https://sfbay.craigslist.org/pen/grd/d/long-lasting-planter-boxes/7210478023.html,"Hello there, 
Thinking on adding one (or a few) planter boxes to your backyard this year? Wait no longer! These boxes will give your yard a beautiful look and they are built to last you a long time!I mainly work for contractors and landscape-designers in the area, so I'm only able to take one or two jobs from craigslist per week, so please if you're interested contact me as soon as possible. 
Thank you!do NOT contact me with unsolicited services or offers    ",https://images.craigslist.org/00808_5ugCbVfvD8r_0bC0kE_600x450.jpg
7213286987,2020-10-19 16:10,Planter Box,$135, (palo alto),https://sfbay.craigslist.org/pen/grd/d/palo-alto-planter-box/7213286987.html,Sturdy water resistant planter box. Price $150 OBO. Weights about 35 pounds all wood. Redwood interior. This box will last you a good time.    ,https://images.craigslist.org/00S0S_53QhZmm3tc8_0iE0t2_600x450.jpg
7216954914,2020-10-19 15:56,"Lyfe Planter - excellent condition, in original packaging",$100, (haight ashbury),https://sfbay.craigslist.org/sfc/hsh/d/san-francisco-lyfe-planter-excellent/7216954914.html,"- LYFE consists of a planter that hovers over an oak base via magnetic levitation. Designed to gently rotate during suspension, LYFE nourishes life with 360 degrees of sunlight exposure, 365 days a year.
- LYFE is a zero-gravity growing system allowing you to cultivate your favorite plants in mid-air.
- LYFE Planter: Our 12-sided geodesic planter is moulded from silicon, making it grippy and tactile. As it rotates in mid-air, different shades appear, providing a hypnotic and relaxing experience for your home of office. Watch your plant twirl in the air, and experience it from different angles.
- LYFE Reservoir: To mitigate against over-watering, a cleverly designed drainage system allows water to escape to a hidden, inner reservoir.
- LYFE Magnet: This is where the magic happens. Our custom shaped LYFE magnet pushes up against an electromagnetic base, causing the planter to levitate in mid-air, lifting your LYFE to new dimensions.Sells for $299 new:¬†https://flytestore.com/products/lyfe-levitating-planter
https://www.amazon.com/Flyte-Lyfe-Floating-Planter-White/dp/B01MZ96Q2JYours for $100.Pick-up in Panhandle. We would do a contact-less pick-up where I'd leave it just inside my metal gate. After Venmo/Paypal payment, I'll buzz open the gate. Email if interested, and please include a phone number.    ",https://images.craigslist.org/00X0X_fcLvWSFJJ7u_0g80g8_600x450.jpg
7215820440,2020-10-19 15:28,Frankoma Prairie Green #45 Planter,$20, (San Mateo),https://sfbay.craigslist.org/pen/atq/d/san-mateo-frankoma-prairie-green-45/7215820440.html,"Beautiful Frankoma planter in Prairie Green glaze. No cracks, chips, stains, or crazing. Since this antique item is in great condition, I wouldn‚Äôt recommend actually putting plants in this planter. It should be used for display only. Located in San Mateo near the Target at Bridgepointe Shopping Center. Cash, Venmo, or PayPal accepted. Email me to arrange pickup. Thanks for looking!    ",https://images.craigslist.org/00909_bNaU3mESCjc_0CI0t2_600x450.jpg
7209378765,2020-10-19 15:13,30‚Äù fire pit / planter,$250, (petaluma),https://sfbay.craigslist.org/nby/grd/d/petaluma-30-fire-pit-planter/7209378765.html,"30‚Äù diameter fire rings made of 1/4‚Äù steel reclaimed pipe
Also great for planters!
All rings are 30‚Äù inch diameter 
Large quantities are made to order. 
sizes and price listed below.Height:
16‚Äù: $250 each
20‚Äù:$295 each
24‚Äù:$350 each Call and ask for Peter. I do not receive text messages. If I do not answer leave a voicemail and I will get back to you ASAP.    ",https://images.craigslist.org/00303_bzDVzgaX3YL_600x450.jpg
7201276649,2020-10-19 15:10,Redwood tree Bench,"$1,500", (foster city),https://sfbay.craigslist.org/pen/fuo/d/san-mateo-redwood-tree-bench/7201276649.html,"Redwood bench planter on casters 
84x20x14Custom sizes and designs available. 
Delivery in the Bay Area is includedRedwood, bench, planter, Live edge, reclaimed, outdoor, patio, green,
",https://images.craigslist.org/00L0L_cG5F6gAEJ9O_0jY0mj_600x450.jpg
7210617730,2020-10-19 14:58,Vintage highchair Nursery planter,$20, (milpitas),https://sfbay.craigslist.org/sby/clt/d/milpitas-vintage-highchair-nursery/7210617730.html,Simply adorable and nostagic. Perfet for the collector or babie's room decoration! About 5 inches tall and 3 inches wide.    ,https://images.craigslist.org/00R0R_a5gmOSIhbKQ_0CI0t2_600x450.jpg
7210619583,2020-10-19 14:58,Vintage Inarco Rocking Lamb Nursery Planter,$15, (milpitas),https://sfbay.craigslist.org/sby/clt/d/milpitas-vintage-inarco-rocking-lamb/7210619583.html,To cute. Unusual and nostalgic. Perfic for the collector or as a babie's room decoration!    ,https://images.craigslist.org/00E0E_cHcCGqrHux6_0CI0t2_600x450.jpg
7210620312,2020-10-19 14:58,Vintage nursery planter,$12, (milpitas),https://sfbay.craigslist.org/sby/clt/d/milpitas-vintage-nursery-planter/7210620312.html,"Made in Japan by Imarco. Numbered .
If interested please send name and phone #. Approx 4 inches high and 4 inches wide.    ",https://images.craigslist.org/00m0m_g46XSOWHoXg_0CI0t2_600x450.jpg
7209881600,2020-10-19 14:07,wood planter boxes,$15, (petaluma),https://sfbay.craigslist.org/nby/art/d/petaluma-wood-planter-boxes/7209881600.html,"size / dimensions: 35L x 25Wx 10H 
Original Cheese Crates...
Design Customize your own Shelf,
Great for planter boxes
$15 Each
I do not receive text messages. If interested please email, or call, if I don't pick up please leave a voicemail. I will get back to you as soon as possible. Thank you.    ",https://images.craigslist.org/00q0q_hawcvUJCJap_600x450.jpg
7216895152,2020-10-19 14:07,Vintage Macrmpame Style Seashell Hanging Planter,$70, (cupertino),https://sfbay.craigslist.org/sby/hsh/d/vintage-macrmpame-style-seashell/7216895152.html,"Measures ~75"" long
flowers not included",https://images.craigslist.org/00P0P_2YPI9mVwDzx_600x450.jpg
7216878582,2020-10-19 13:42,Echeverias in Cement Planter,$25, (fremont / union city / newark),https://sfbay.craigslist.org/eby/grd/d/newark-echeverias-in-cement-planter/7216878582.html,"One available. Echeverias with roots. Still available. Cash only. No returns. Located in Newark. Interested? Forward your number.  Yes, still available.    ",https://images.craigslist.org/00o0o_b048OjXRDcs_0t20t2_600x450.jpg
7210280160,2020-10-19 13:39,McCoy Planter... early 20th c,$0, (oakland lake merritt / grand),https://sfbay.craigslist.org/eby/clt/d/oakland-mccoy-planter-early-20th/7210280160.html,Turquoise.  17 lbs.  Perfect.$200.00  OBO    ,https://images.craigslist.org/00U0U_fBq3mGalB9y_600x450.jpg
7211285361,2020-10-19 13:37,Redwood Planter bench,"$1,500", (oakland lake merritt / grand),https://sfbay.craigslist.org/sfc/fuo/d/redwood-planter-bench/7211285361.html,"Live edge redwood slab bench with planter 
On casters 84x22x14Custom designs and sizes available
Delivery in the Bay Area is includedCustom furniture, interior design, coffee table, home decor, live edge, slab, redwood slab, Bench, planter    ",https://images.craigslist.org/00L0L_cG5F6gAEJ9O_0jY0mj_600x450.jpg
7210239761,2020-10-19 13:33,McCoy Planter... early 20th c,$0, (oakland lake merritt / grand),https://sfbay.craigslist.org/eby/clt/d/oakland-mccoy-planter-early-20th/7210239761.html,Turquoise.  17 lbs.  Perfect.$200.00  OBO    ,https://images.craigslist.org/00U0U_fBq3mGalB9y_600x450.jpg
7216834363,2020-10-19 12:38,Concrete planter boxes,$200, (petaluma),https://sfbay.craigslist.org/nby/grd/d/petaluma-concrete-planter-boxes/7216834363.html,"PLANTER 1
Diameter:36""
Height:22""
6 in stock
$250 each
Buy 3 or more: $225PLANTER 2
Diameter:36""
Height:17""
6 in stock
$225 each
Buy 3 or more: $200PLANTER 3
Diameter:48""
Height:29""
0 in stock
$350 each
Buy all 3 price: $300 each    ",https://images.craigslist.org/00r0r_a2K8H7i277E_600x450.jpg
7216834369,2020-10-19 12:38,small planter pots,$20, (glen park),https://sfbay.craigslist.org/sfc/grd/d/san-francisco-small-planter-pots/7216834369.html,"Hello! Recently re-homed my plants, and I am selling 4 small planter pots! 
$20 for all 4, or OBO for individual pots. ",https://images.craigslist.org/00a0a_gysWQadbMVU_0lM0t2_600x450.jpg
7200057335,2020-10-19 12:31,*BRAND NEW* Planter Basket Gift Set,$20, (millbrae),https://sfbay.craigslist.org/pen/art/d/millbrae-brand-new-planter-basket-gift/7200057335.html,"The set includes the following:- Gold Metal Planter Basket
- Double Spiral Note Book Journal
- Spiral Address Book with Printed Dividers
- 6 Matching Note Cards
- 6 White Envelopes
- 6 Sheets of Matching Writing PaperI am looking for $20.    ",https://images.craigslist.org/00d0d_8LAzWDL6sq3_0aT0ew_600x450.jpg
7204307317,2020-10-19 12:26,Vintage Porcelain Dual-Planter with Kissing Dutch Boy & Girl Figurines,$30, (petaluma),https://sfbay.craigslist.org/nby/clt/d/petaluma-vintage-porcelain-dual-planter/7204307317.html,"This is an adorable little dual planter with cute kissing  boy and girl figurines dressed in traditional Dutch clothing, colored in blue and white. This will make a fantasctic addition to your Delft Porcelain collection, and will also look great in your kitchen or on your porch. The underside is marked ""PORCELAIN-BLOOM-RITE¬Æ"" on the bottom. This piece measures approximately 8.25"" x 7"" x 3.25"". This is previously owned but  it is in excellent condition with no chips, cracks,, or other visible blemishes.For pickup or will meet at a public location in or near Petaluma or San Rafael. I will also ship this, for the cost of shipping and handling (please ask for a quote). Cash, PayPal, or Venmo only.Reference # 10049    ",https://images.craigslist.org/00s0s_jAnPoGrnHt2_0qM0t2_600x450.jpg
7206649961,2020-10-19 12:19,planter box,$80, (sunset / parkside),https://sfbay.craigslist.org/sfc/grd/d/san-francisco-planter-box/7206649961.html,"Redwood planter boxes21"" X 21"" X 9"" deep $803' X 16"" X  9"" deep $1004' X 1' X 9"" deep $140Instagram: @planterboxezPlease contact through email, I will give you my number after first email.planter boxes    ",https://images.craigslist.org/00Z0Z_dUGoe0sG1Ql_0CI0t2_600x450.jpg
7206319704,2020-10-19 11:57,Mid Century Gainey Ceramics Planter,$80, (Hayward),https://sfbay.craigslist.org/eby/grd/d/hayward-mid-century-gainey-ceramics/7206319704.html,Gainey Ceramics platner. C-10Good vintage condition with small hairline (see 3rd photo) and a few chips to the base on one side. Matte black finished Dimensions: 10‚Äùd x 8‚ÄùhTags: mcm pottery pot pots vintage modern la Verne California    ,https://images.craigslist.org/01111_omRlTctP4u_0t20CI_600x450.jpg
7206321062,2020-10-19 11:57,Vintage Gainey Ceramics Planter / Pot,$195, (Hayward),https://sfbay.craigslist.org/eby/grd/d/hayward-vintage-gainey-ceramics-planter/7206321062.html,"Selling a vintage Gainey Ceramics hanging planter. Matte white. Ceramic planter is in good vintage condition. Minor scuffs, rust inside and out, all can be polished off. No cracks or chips. Comes with original chain. Great looking piece that‚Äôs quite hard to find.  Dimensions: 11‚Äùw x 5.5‚ÄùhTags pottery la Verne California mid century modern modernist    ",https://images.craigslist.org/00B0B_3ho6jxkCq3f_0lM0CI_600x450.jpg
7216789071,2020-10-19 11:38,"Free compost, garden soil, and planter boxes",$0, (dublin / pleasanton / livermore),https://sfbay.craigslist.org/eby/zip/d/pleasanton-free-compost-garden-soil-and/7216789071.html,I have a greenhouse that I just tore down and have lots of good compost and garden soil and planter boxes for anybody that wants them.All very good soil and boxes for growing.    ,https://images.craigslist.org/00707_knI9Vv5mOh_0ew0jm_600x450.jpg
7211697569,2020-10-19 11:20,Wood Planter Box Raised Bed 3x3 Feet,$39, (sunnyvale),https://sfbay.craigslist.org/sby/grd/d/sunnyvale-wood-planter-box-raised-bed/7211697569.html,"#1 Wood planter box raised bed 40"" long x 34"" wide x 15"" tall. Great for growing vegetables, flowers, and herb gardens. Never had any issues with it.Home Depot: $90 (including tax)
Here: $39#2 Wood planter box raised bed 46"" long x 26"" wide x 12"" tall. Great for growing vegetables, flowers, and herb gardens. Never had any issues with it.Home Depot: $70 (including tax)
Here: $25Both: $49    ",https://images.craigslist.org/00303_8FAtjozL5WA_0CI0t2_600x450.jpg
7211779850,2020-10-19 11:20,Wood Planter Box Raised Bed 4x2 Feet,$25, (sunnyvale),https://sfbay.craigslist.org/sby/grd/d/sunnyvale-wood-planter-box-raised-bed/7211779850.html,"#1 Wood planter box raised bed 46"" long x 26"" wide x 12"" tall. Great for growing vegetables, flowers, and herb gardens. Never had any issues with it.Home Depot: $70 (including tax)
Here: $25#2 Wood planter box raised bed 40"" long x 34"" wide x 15"" tall.Home Depot: $90 (including tax)
Here: $39Both Planters: $49
",https://images.craigslist.org/00B0B_6Y82YZkBlTr_0CI0t2_600x450.jpg
7204738389,2020-10-19 11:17,redwood planter boxes,$75, (santa rosa),https://sfbay.craigslist.org/nby/grd/d/santa-rosa-redwood-planter-boxes/7204738389.html,"well i have 10 very nice 100 % REDWOOD  planter boxes for sale ,they are{ 5'L x 24""w x 18"" h}    ,75 each and I have the same boxes with bottoms for 100 each , ready to go and yes I can deliver ,you can text or call  show contact info
 jim    ",https://images.craigslist.org/00I0I_45Rr9hD9W9i_600x450.jpg
7211714861,2020-10-19 11:17,redwood planter boxes,$75, (santa rosa),https://sfbay.craigslist.org/nby/grd/d/santa-rosa-redwood-planter-boxes/7211714861.html,"well i have 10 very nice 100 % REDWOOD  planter boxes for sale ,they are{ 5'L x 24""w x 18"" h}    ,75 each and I have the same boxes with bottoms for 100 each , ready to go and yes I can deliver ,you can text or call  show contact info
 jim    ",https://images.craigslist.org/00D0D_alGuMKoIK60_600x450.jpg
7212800472,2020-10-19 11:08,90 in Tall (7ft 6in) Artificial Palm Tree in Planter - Can Deliver,$200, (morgan hill),https://sfbay.craigslist.org/sby/for/d/morgan-hill-90-in-tall-7ft-6in/7212800472.html,"Selling this Tall Artificial Palm Tree in a decorative Planter that's in great condition!  It measures approximately 90 inches tall (7ft 6in) and 36 inches wide.If you're interested, call or Text me @  show contact info
*Pickup in Morgan Hill or Delivery can be arrangedfaux palm tree
",https://images.craigslist.org/00L0L_2AnkQuhCW0C_0t20CI_600x450.jpg
7215183165,2020-10-19 10:42,Cascading planter,$50, (Santa Rosa),https://sfbay.craigslist.org/nby/grd/d/santa-rosa-cascading-planter/7215183165.html,"Beautiful cedar cascading planter , only used this past spring and used only through this summer. Perfect condition. Retails new for $199
",https://images.craigslist.org/00V0V_2LGoYypdR57_0hS0CI_600x450.jpg
7212341394,2020-10-19 09:59,Vintage Haeger Pottery Bowl or Planter,$45, (sunset / parkside),https://sfbay.craigslist.org/sfc/atq/d/san-francisco-vintage-haeger-pottery/7212341394.html,"Complete your plant window or dining room table centerpiece with this beautiful vintage Haeger pottery planter or bowl! It's a unique, abstract diamond shape glazed in drippy, perfect 70s tones of warm browns and greens, varying in texture from smooth gloss to textured matte.‚Ä¢ marked Haeger 4000‚Ä¢ approximate measurements:
height- 4 in.
length- 11 in.
width- 9 in.‚Ä¢ condition notes: good vintage condition: one tiny chip along rim, some light crazing from production (please see photos)Check out my other listings for more vintage goodies!    ",https://images.craigslist.org/00I0I_dqGaO75cKB5_0t20t2_600x450.jpg
7216694217,2020-10-19 09:37,Painted Metal Interior Planter,$85, (novato),https://sfbay.craigslist.org/nby/fuo/d/novato-painted-metal-interior-planter/7216694217.html,Beautiful flower decoration.  Can be used inside home as covering for a potted plant.    ,https://images.craigslist.org/00w0w_f5hDJrb7oKt_0x20oM_600x450.jpg
7203854945,2020-10-19 09:14,Mushroom / Ceramic / Yard Art / Patio / Garden / Planter / Pot,$5, (napa county),https://sfbay.craigslist.org/nby/grd/d/vallejo-mushroom-ceramic-yard-art-patio/7203854945.html,"Ceramic MushroomsSmall Ceramic Mushrooms
5 Mushrooms total @ $5 each
Items are slightly used, but in like NEW condition; stems have been reinforced onto caps
Approx. dimensions: 6"" - 8"" H x 3"" Dia.
Lower ones in picLarge Ceramic Mushrooms
5 Mushrooms total @ $8 each
Items are slightly used, but in like NEW condition; stems have been reinforced onto caps
Approx. Dimensions: 10"" - 11"" H x 4.5"" - 5.5"" W
Upper ones in picCash / Paypal Only    ",https://images.craigslist.org/00d0d_6ta6z9CdBAc_0CI0k2_600x450.jpg
7208171783,2020-10-19 08:47,"Planter,Vintage Pump Sprayer",$22, (sunset / parkside),https://sfbay.craigslist.org/sfc/grd/d/san-francisco-plantervintage-pump/7208171783.html,"üêûPlanter,clay,no drainage hole,13.25""across,10.25""tall.The flaws near bottom look like they are manufacture flaws,not marked,looks American or Italian $12.
üå∫Vintage Garden Master metal+glass pump sprayer.Not tested,great display item.About 40"" long.$10.
üìûOnly Replies with Phone Number will be Answered üìû    ",https://images.craigslist.org/01313_1OgLO8epfjm_0CI0t2_600x450.jpg
7214474278,2020-10-19 07:49,"Succulents in Ceramic 4.5"" Planter Pots",$10, (daly city),https://sfbay.craigslist.org/pen/grd/d/daly-city-succulents-in-ceramic-45/7214474278.html,"- Healthy well rooted succulents 
- In well draining succulent soil  
- Topped dressed with jade or white pebbles
- 4.5-in W x 4.7-in H ceramic plantersPlease contact me if interested in buying 3 or more @ $10 each. Price is firm. Thanks!    ",https://images.craigslist.org/00F0F_5Oq1QlxykDK_0CI0pO_600x450.jpg
7216606180,2020-10-19 07:40,Jade Plant in planter,$8, (sunnyvale),https://sfbay.craigslist.org/sby/for/d/sunnyvale-jade-plant-in-planter/7216606180.html,Beautiful Jade Pant in planter $8    ,https://images.craigslist.org/00d0d_hqEMHcEiMJn_0nT0t2_600x450.jpg
7216554347,2020-10-19 06:09,Reindeer Pine Planter,$42, (sonoma),https://sfbay.craigslist.org/nby/for/d/el-verano-reindeer-pine-planter/7216554347.html,"This darling ""Reindeer"" planter is professionally finished, made of solid pine, and in very good condition.  Stands 30¬Ω"" tall, 25"" long and 9¬Ω"" wide.  Planter space is rectangular and measures 7¬Ω"" H x 10¬Ω"" L x 7¬Ω"" W.  Just darling; will put a smile on your face through the holidays and/or year long!$42; cash only; email, or call  show contact info
.
",https://images.craigslist.org/00D0D_iAjK7PBRmsg_0CI0t2_600x450.jpg
7216498382,2020-10-19 00:09,"Topsoil, Dirt, Garden soil, Planter soil",$0, (San Jose),https://sfbay.craigslist.org/sby/zip/d/san-jose-topsoil-dirt-garden-soil/7216498382.html,Approximately 8 yards of clean topsoil to give  away.  All or none.  You load.  Easy access to dirt through driveway.  Very good topsoil to mix with planter mix or add a layer for new sod.  Please email me and I‚Äôll give you the address.  I may have someone to deliver you a load for a fee if you can use a full pickup load.  Thanks    ,https://images.craigslist.org/00O0O_iqac4pD33c4_0CI0t2_600x450.jpg
7208734196,2020-10-18 23:25,Spider plant in ceramic planter,$25, (milpitas),https://sfbay.craigslist.org/sby/grd/d/milpitas-spider-plant-in-ceramic-planter/7208734196.html,Heightof the pot is 6.5 inches    ,https://images.craigslist.org/00505_aIaFRxeuvrp_0h20mQ_600x450.jpg
7199068764,2020-10-18 23:17,Jade Plant in planter,$8, (sunnyvale),https://sfbay.craigslist.org/sby/grd/d/sunnyvale-jade-plant-in-planter/7199068764.html,Beautiful Jade Pant in planter $8    ,https://images.craigslist.org/00d0d_hqEMHcEiMJn_0nT0t2_600x450.jpg
7216478183,2020-10-18 22:43,Jade in a Tin Planter,$15, (milpitas),https://sfbay.craigslist.org/sby/grd/d/milpitas-jade-in-tin-planter/7216478183.html,Very pretty houseplant for your space. The planter is made out of tin and its height is 5 inches.The overall height of the plant is 10 inches.    ,https://images.craigslist.org/00e0e_ap2K6oy6UG3_0h20mQ_600x450.jpg
7216487471,2020-10-18 22:31,"Spider plant, indoor or outdoor plant, white planter",$20, (redwood city),https://sfbay.craigslist.org/pen/grd/d/redwood-city-spider-plant-indoor-or/7216487471.html,"Spider plant, indoor or outdoor plant, white planter, drought tolerant, easy maintenance.    ",https://images.craigslist.org/00I0I_d78gWbvfuQo_0CI0t2_600x450.jpg
7216487640,2020-10-18 22:33,"Spider plant, indoor or outdoor plant, white planter",$20, (redwood city),https://sfbay.craigslist.org/pen/grd/d/redwood-city-spider-plant-indoor-or/7216487640.html,"Spider plant, indoor or outdoor plant, white planter, drought tolerant, easy maintenance.    ",https://images.craigslist.org/00I0I_d78gWbvfuQo_0CI0t2_600x450.jpg
7216486665,2020-10-18 22:25,"Indoor plant, cactus, large planter",$65, (redwood city),https://sfbay.craigslist.org/pen/grd/d/redwood-city-indoor-plant-cactus-large/7216486665.html,"Indoor plant, cactus (14""), large planter (11""), drought tolerant, easy maintenance plant.    ",https://images.craigslist.org/00b0b_50nPaU0ExCL_0lM0t2_600x450.jpg
7216486252,2020-10-18 22:23,"Pilea peperomioides, white ceramic planter",$40, (redwood city),https://sfbay.craigslist.org/pen/grd/d/redwood-city-pilea-peperomioides-white/7216486252.html,"Pilea peperomioides (5"") in a white ceramic planter (5.5"").    ",https://images.craigslist.org/00f0f_8LiCb62Ghje_0lM0t2_600x450.jpg
7216485893,2020-10-18 22:20,Golden pothos in green planter,$40, (redwood city),https://sfbay.craigslist.org/pen/grd/d/redwood-city-golden-pothos-in-green/7216485893.html,"Golden pothos, indoor plant, green planter    ",https://images.craigslist.org/00u0u_ftsepP9NV0M_0lM0t2_600x450.jpg
7216478567,2020-10-18 21:52,Cactus in a Ceramic Planter,$15, (milpitas),https://sfbay.craigslist.org/sby/grd/d/milpitas-cactus-in-ceramic-planter/7216478567.html,The height of the planter is 4.5 inches. Overall height of the plant is 13 inches.    ,https://images.craigslist.org/00K0K_kFKukRnWTLh_0h20mQ_600x450.jpg
7199449365,2020-10-18 21:28,EKCO Vintage 4 Strap Bread Loaf Pan Baking Display Planter,$30, (saratoga),https://sfbay.craigslist.org/sby/atq/d/saratoga-ekco-vintage-4-strap-bread/7199449365.html,"fantastic old baking pans in good condition! Each pan measures 5x7. Overall it is 23.5"" x 7-3/4"". It is completely attached in one piece.  NO idea if these are actually good for cooking, would make a cute planter or kitchen display.    ",https://images.craigslist.org/00q0q_lEjHf1n0WnE_600x450.jpg
7216477635,2020-10-18 21:29,Rabbit Planter,$15, (milpitas),https://sfbay.craigslist.org/sby/grd/d/milpitas-rabbit-planter/7216477635.html,Very cute rabbit planter with Succulents. Height of the planter is 8 inches.    ,https://images.craigslist.org/00K0K_6HmJbnVRmvk_0h20mQ_600x450.jpg
7216476341,2020-10-18 21:23,Christmas Cactus Houseplant in a Unique Planter,$15, (milpitas),https://sfbay.craigslist.org/sby/grd/d/milpitas-christmas-cactus-houseplant-in/7216476341.html,"Decorate your space with this Christmas Cactus Houseplant in a unique red planter. Height of the planter is 3 inches, width is 4 inches.    ",https://images.craigslist.org/00W0W_eLCfByqlcsL_0h20mQ_600x450.jpg
7212399112,2020-10-18 20:51,31.7 Gallon Raised Planter Box - Self Watering,$90, (hayes valley),https://sfbay.craigslist.org/sfc/hsh/d/san-francisco-317-gallon-raised-planter/7212399112.html,"Selling my raised planter box that I used to grow beets, carrots, and radishes! But it's perfect for use as an indoor vegetable garden, herb garden, and patio or balcony planter. You're welcome to the dirt that'd currently in there, as well. DIMENSIONS: 44. 9 in. W x 19. 4 in. D x 29. 8 in. H
WATER GAUGE: Easy to read water gauge indicates when plants need additional moisture
EASY DRAINAGE: Simple drainage system that can be opened or closed for full control of watering
WATER RESERVOIR: Full watering system includes a reservoir to prevent root decay and overwatering
",https://images.craigslist.org/00i0i_9CO5KlgSgFK_08f07H_600x450.jpg
7212431579,2020-10-18 20:16,Wanted: Snake plant with ceramic planter,$75, (mission district),https://sfbay.craigslist.org/sfc/wan/d/san-francisco-wanted-snake-plant-with/7212431579.html,Hello!I am looking for a snake plant (Sansevieria Laurentil) with a ceramic planter pot/wood stand similar to the one in the picture above. I'm happy to do a contactless pickup.Thank you!,https://images.craigslist.org/00C0C_6Xo05a8Z4Ak_0ig0ic_600x450.jpg
7212681453,2020-10-18 19:50,Garden & Planter (Aero Garden - indoor)),$295, (san jose south),https://sfbay.craigslist.org/sby/grd/d/san-jose-garden-planter-aero-garden/7212681453.html,"Aero Garden Bounty Elite Arisan (home garden).This is a great in-door, low maintenance garden.  It comes complete with the water basin, the light, plant pods, and plant food.  It is the top of the line in-door garden set up as can see on the web.  It also has a great app telling you what to expect when you plant your seeds, when they need more water, and when they need more plant food.The normal price is $459.Call me if you would like to pick it up at  show contact info
.  We can maintain social distancing during the sale.Take care. - David    ",https://images.craigslist.org/00101_8IVRxWBPMzE_0CI0t2_600x450.jpg
7204087175,2020-10-18 18:24,Large planter with several healthy JADE plants,$25, (sunnyvale),https://sfbay.craigslist.org/sby/for/d/sunnyvale-large-planter-with-several/7204087175.html,Lovely potted healthy Jade plant -several plants in planter 11‚Äù( 8‚Äù high) $25    ,https://images.craigslist.org/00N0N_5c6odhf1cG8_0tS0t2_600x450.jpg
7216419294,2020-10-18 17:57,PLANTER BOXES FOR SALE,$100, (hayward / castro valley),https://sfbay.craigslist.org/eby/grd/d/hercules-planter-boxes-for-sale/7216419294.html,"Two redwood planter boxes for sale, 3 years old. Hand made. Need truck to pick it up.",https://images.craigslist.org/00k0k_4kHNGV9oTcm_0t20t2_600x450.jpg
7216415741,2020-10-18 17:48,Metal Raised Planter Boxes,$400, (Summit Area),https://sfbay.craigslist.org/scz/grd/d/scotts-valley-metal-raised-planter-boxes/7216415741.html,"Instant garden space!Virtually indestructible yet beautiful raised metal planter boxes 3'x6‚Äô and 2‚Äô high.  Made from steel.  Critter and gopher proof (heavy gauge metal wire on bottoms).  These will not burn.  I have 4 (never used), selling for $400 each.  Locally made.",https://images.craigslist.org/00K0K_6vm8JZeA7oR_05a03S_600x450.jpg
7208693066,2020-10-18 17:31,R.O.B. Raised Planter Beds,$250, (novato),https://sfbay.craigslist.org/nby/grd/d/novato-rob-raised-planter-beds/7208693066.html,"Rays Oil Burner Co. (R.O.B) 
1930s Antique raised railroad planter beds.The hardware used is very unique with square bolts then steel squared off corners and steel side rails.
Have sanded them down and exterior painted with a UV protection polyurethane clear stain.
Inside is fully coated with a brown non- toxic, rot resistant grit milk paint. 
Display pictures are just some examples of filled and assembled sets. Box Dimensions:
L: 4ft.
W: 2.5ft.
H: 3ftThey are $250eaI can deliver local or out of town for additional charge
Call/text/email if interested or have any questions.Jacob 
show contact info",https://images.craigslist.org/00h0h_fvjFW2kkSID_0CI0t2_600x450.jpg
7207182179,2020-10-18 17:11,Handmade planter box/ Bench,$0, (willow glen / cambrian),https://sfbay.craigslist.org/sby/grd/d/san-jose-handmade-planter-box-bench/7207182179.html,"Matching handmade wood planter box with legs & bench. The BENCH is $35dollars. The PLANTER BOX is $15 dollars. Bench-L40 inches,W16 1/2 inches,H 19 inches.....Planter box-L26 inches,W14 inches,T8 inches. If interested please text me at  show contact info
",https://images.craigslist.org/01515_4WhYMrzddSY_0CI0t2_600x450.jpg
7215230422,2020-10-18 17:03,Modern bottomless planter pots,$25," (hercules, pinole, san pablo, el sob)",https://sfbay.craigslist.org/eby/grd/d/pinole-modern-bottomless-planter-pots/7215230422.html,"pick up in pinole, $25, one left    ",https://images.craigslist.org/00k0k_68bPuEWjhWy_0CI0t2_600x450.jpg
7216392849,2020-10-18 16:51,Vintage Relpo Baby Planter,$30," (hercules, pinole, san pablo, el sob)",https://sfbay.craigslist.org/eby/clt/d/pinole-vintage-relpo-baby-planter/7216392849.html,"Relpo Chicago, IL (made in Taiwan) baby Circus car planter with blue horse/pink mane, blue poodle, blue elephant and blue clown in yellow hat.  The borders of the car are pink with blue wheels.  There is a small chip on the poodle side of the car but other than that it looks to be in great condition. Relpo Musical Bassinett planter 6718-Music box does not play but could be easily fixed.  I think it plays rock-a-bye baby.  There is also a small chip at the foot of the bassinett.  
Asking $30 for both. Email if you are interested.  Thank you
",https://images.craigslist.org/00i0i_2nK5v4Jna0B_0ak07K_600x450.jpg
7198901441,2020-10-18 16:42,Topsy Turvy Upside Down Tomato Vegetable Planter organic Home Garden seen on TV,$6, (Fremont),https://sfbay.craigslist.org/eby/grd/d/fremont-topsy-turvy-upside-down-tomato/7198901441.html,NEW!Topsy-Turvy Upside Down Tomato Planter AS SEEN ON TV NEW. Condition is New.    ,https://images.craigslist.org/00606_6JLyiOlbubW_0CI0t2_600x450.jpg
7216374140,2020-10-18 16:08,Frederick Warren BLOWN GLASS VASE OR HANGING PLANTER SIGNED!,$0, (los gatos),https://sfbay.craigslist.org/sby/clt/d/los-gatos-frederick-warren-blown-glass/7216374140.html,"PRICE JUST LOWERED!!!BEAUTIFUL BLUES/GREENS/TEALS
Vintage Frederick Warren hand signed and numbered BLOWN GLASS HANGING VASE, PLANTER OR COLLECTIBLE SHOWPIECE!
One-of-a-kind.See additional piece listed. Buy both for better price!$50 OBReasonableOCash only please.
",https://images.craigslist.org/00r0r_hkjfdCwswhb_600x450.jpg
7216366941,2020-10-18 15:53,WEST ELM - MID CENTURY PLANTER w/ PLANT,$130, (oakland east),https://sfbay.craigslist.org/eby/hsh/d/oakland-west-elm-mid-century-planter/7216366941.html,"Hi,
I'm selling a cute West Elm mid-century style planter with wood leg and nice plant .
Planter size: 14.6""diam. x 18.7""h
Original price of the planter was $180 + tax.
Please let me know if you are interested in the item.Cash only please.Thank you!#interior, decor, mid-century, boho, green, wood, plant    ",https://images.craigslist.org/00I0I_d8uorb2bBvO_0t20t2_600x450.jpg
7212727169,2020-10-18 15:35,Purple planter pot,$15, (mission district),https://sfbay.craigslist.org/sfc/for/d/san-francisco-purple-planter-pot/7212727169.html,"Has a small crack
4 inches tall x 5 diameter    ",https://images.craigslist.org/00o0o_70bt0n34uf_0d10hm_600x450.jpg
7200439109,2020-10-18 15:23,CAST STONE WOVEN GARDEN PLANTER,$25, (santa cruz),https://sfbay.craigslist.org/scz/grd/d/santa-cruz-cast-stone-woven-garden/7200439109.html,"SOLID CAST STONE GARDEN PLANTER WITH BASKET WEAVE MOTIF. VERY GOOD CONDITION WITH NO CRACKS. MEASURES APPROX 11"" TALL AND 15"" DIAMETER.    ",https://images.craigslist.org/00I0I_cBEdi7peH9d_0CI0t2_600x450.jpg
7200437590,2020-10-18 15:22,CAST STONE BAMBOO PLANTER,$20, (santa cruz),https://sfbay.craigslist.org/scz/grd/d/santa-cruz-cast-stone-bamboo-planter/7200437590.html,"VERY NICE CAST STONE PLANTER W/ A BAMBOO MOTIF. VERY GOOD CONDITION WITH NO CRACKS OR CHIPS. MEASURES APPROX 9"" TALL AND 10"" DIAMETER.    ",https://images.craigslist.org/00a0a_dVpzU1asxpR_0CI0t2_600x450.jpg
7201790927,2020-10-18 15:19,BLUE GLAZED PLANTER W/ SUCCULENT,$40, (santa cruz),https://sfbay.craigslist.org/scz/grd/d/santa-cruz-blue-glazed-planter-succulent/7201790927.html,"LOVELY 2-PIECE BLUE GLAZED CERAMIC PLANTER FOR SALE. COMES W/ SUCCULENT. MEASURES 11.5"" DIAMETER AND ABOUT 12"" HIGH. VERY CLEAN, NO CHIPS AND IN OTHERWISE VERY NICE CONDITION.  Look how beautiful it has become.  Midtown Santa Cruz.  Easy to get to.  Easy on/off Highways.  E-mail if interested.    ",https://images.craigslist.org/00K0K_chbeyY93qC7_0CI0t2_600x450.jpg
7201791258,2020-10-18 15:20,DARK GREEN GLAZED PLANTER,$35, (santa cruz),https://sfbay.craigslist.org/scz/grd/d/santa-cruz-dark-green-glazed-planter/7201791258.html,"LOVELY DARK GREEN GLAZED PLANTER FOR SALE. COMES WITH PLANTS. MEASURES APPROX 11.5"" TALL AND11"" IN DIAMETER. NO CRACKS OR DAMAGE, VERY NICE CONDITION.    ",https://images.craigslist.org/00m0m_cTCYHObz2qF_0CI0t2_600x450.jpg
7204660177,2020-10-18 15:11,Antique Solid Wood Planter/Plant Holder,$200, (san jose west),https://sfbay.craigslist.org/sby/fuo/d/san-jose-antique-solid-wood-planter/7204660177.html,Antique Solid Wood Planter/Plant Holder. Beautiful details in the wood. Great piece!    ,https://images.craigslist.org/00S0S_lyOeCsCmBfZ_0xd0t2_600x450.jpg
7215208579,2020-10-18 14:59,White homemade 55 gallon cut planter with drain at bottom,$30, (campbell),https://sfbay.craigslist.org/sby/grd/d/campbell-white-homemade-55-gallon-cut/7215208579.html,"Works great to plant plants in lot of space
Think and durable
Please call or text  show contact infoLocated in Campbell
$30 each 
Price is firm    ",https://images.craigslist.org/00n0n_4xm7GZ7o9pD_0CI0t2_600x450.jpg
7207106212,2020-10-18 14:29,5 inch urn planter,$12, (milpitas),https://sfbay.craigslist.org/sby/hsh/d/5-inch-urn-planter/7207106212.html,"Lovely blue and white china planter.
10 inch circumfrence 5 inch height    ",https://images.craigslist.org/00r0r_4anzPcfHkFR_0CI0t2_600x450.jpg
7209714329,2020-10-18 14:29,Shallow vintage planter,$16, (milpitas),https://sfbay.craigslist.org/sby/clt/d/milpitas-shallow-vintage-planter/7209714329.html,3 inches tall and 7 inches long. Unusual shape. May be good for small bonsai planting. Raised flower design.    ,https://images.craigslist.org/00S0S_1K7rnfNll08_600x450.jpg
